sim_id,w_r,h_si,doping,S,lambda,length,v_pi_V,v_pi_l_Vmm,loss_at_v_pi_dB_per_cm,C_at_v_pi_pF_per_cm,max_dphi_rad,cost,kappa
3.000000e+00,4.478000e-07,1.200000e-07,4.843000e+19,7.919000e-07,1.291000e-06,8.596000e-04,,2.149000e+00,9.275619e+04,,9.900506e-01,1.827442e+02
4.000000e+00,3.740000e-07,1.000000e-07,5.989000e+19,1.984000e-07,1.340000e-06,1.772000e-04,1.063832e+00,1.885110e-01,8.146723e+01,1.141436e+04,1.293615e+01,5.002557e+00
5.000000e+00,4.630000e-07,1.200000e-07,1.539000e+19,7.086000e-07,1.327000e-06,3.419000e-04,,8.547500e-01,7.834987e+04,,2.897207e+00,3.690617e+01
6.000000e+00,4.795000e-07,9.000000e-08,8.401000e+18,5.408000e-07,1.288000e-06,2.368000e-04,1.025189e+00,2.427648e-01,5.544128e+01,1.213118e+04,1.945821e+01,2.346556e+00
7.000000e+00,4.608000e-07,1.000000e-07,8.831000e+19,9.832000e-08,1.335000e-06,2.791000e-04,9.703173e-01,2.708156e-01,4.861566e+01,7.867117e+03,2.062302e+01,1.823951e+00
8.000000e+00,4.137000e-07,7.000000e-08,2.203000e+19,2.256000e-07,1.314000e-06,6.464000e-04,8.770732e-01,5.669401e-01,1.806623e+01,4.094408e+03,4.994892e+01,4.697862e-01
9.000000e+00,3.566000e-07,1.100000e-07,7.283000e+19,3.779000e-07,1.349000e-06,6.704000e-04,,1.676000e+00,6.557926e+04,,1.851296e+00,8.813611e+01
1.000000e+01,3.505000e-07,9.000000e-08,3.741000e+19,8.776000e-08,1.330000e-06,8.666000e-04,8.650670e-01,7.496671e-01,1.966946e+01,3.697874e+03,3.866175e+01,6.835663e-01
1.100000e+01,4.391000e-07,1.300000e-07,5.608000e+19,3.381000e-07,1.357000e-06,4.441000e-04,1.991644e+00,8.844891e-01,1.040182e+04,1.388824e+04,5.958724e+00,8.114895e+04
1.200000e+01,3.767000e-07,1.300000e-07,4.026000e+19,4.943000e-08,1.333000e-06,5.428000e-04,1.874010e+00,1.017213e+00,1.036801e+04,1.419132e+04,7.155079e+00,8.062238e+04
1.300000e+01,4.523000e-07,9.000000e-08,4.392000e+19,1.326000e-07,1.355000e-06,7.912000e-04,8.649615e-01,6.843575e-01,1.517683e+01,3.867053e+03,5.726850e+01,5.005937e-01
1.400000e+01,3.992000e-07,7.000000e-08,6.436000e+19,4.386000e-07,1.294000e-06,8.994000e-04,8.519076e-01,7.662057e-01,1.207672e+01,2.661376e+03,7.405649e+01,5.203351e-01
1.500000e+01,3.647000e-07,8.000000e-08,5.259000e+19,7.411000e-08,1.293000e-06,3.567000e-04,,8.917500e-01,9.331199e+04,,5.042301e-01,2.569987e+02
1.600000e+01,4.275000e-07,1.000000e-07,8.740000e+17,2.973000e-07,1.352000e-06,3.386000e-04,1.082742e+00,3.666164e-01,3.861555e+01,5.635091e+03,2.607993e+01,1.212456e+00
1.700000e+01,3.881000e-07,9.000000e-08,9.499000e+19,6.518000e-07,1.330000e-06,2.230000e-04,9.998900e-01,2.229755e-01,6.213902e+01,9.911412e+03,1.817312e+01,2.930746e+00
1.800000e+01,4.534000e-07,1.200000e-07,7.366000e+19,7.015000e-07,1.318000e-06,1.041000e-04,,2.602500e-01,7.737620e+04,,4.277321e-01,2.700639e+02
1.900000e+01,4.246000e-07,1.100000e-07,1.433000e+19,4.112000e-07,1.261000e-06,8.455000e-04,8.617435e-01,7.286041e-01,1.264264e+01,5.152239e+03,6.958737e+01,4.914820e-01
2.000000e+01,4.897000e-07,8.000000e-08,7.617000e+19,5.528000e-07,1.289000e-06,2.646000e-04,,6.615000e-01,9.462703e+04,,4.620465e-01,2.641571e+02
2.100000e+01,4.212000e-07,1.000000e-07,5.704000e+18,7.297000e-07,1.307000e-06,6.927000e-04,8.919568e-01,6.178585e-01,1.635035e+01,5.511911e+03,5.780836e+01,4.677248e-01
2.200000e+01,4.176000e-07,1.100000e-07,3.508000e+18,3.425000e-08,1.303000e-06,6.064000e-04,,1.516000e+00,8.848562e+04,,6.014210e-01,2.409382e+02
2.300000e+01,3.624000e-07,1.100000e-07,3.251000e+19,6.138000e-07,1.348000e-06,2.822000e-04,1.260660e+00,3.557582e-01,6.879729e+04,1.801938e+04,2.933428e+01,3.549800e+06
2.400000e+01,4.356000e-07,1.200000e-07,9.535000e+19,3.113000e-07,1.340000e-06,8.188000e-04,,2.047000e+00,6.800040e+04,,2.034818e+00,7.409574e+01
2.500000e+01,3.927000e-07,1.100000e-07,9.866000e+19,1.383000e-07,1.301000e-06,4.211000e-04,,1.052750e+00,8.578939e+04,,7.625293e-01,2.156437e+02
2.600000e+01,3.784000e-07,1.300000e-07,7.930000e+19,5.771000e-07,1.312000e-06,3.858000e-04,2.221986e+00,8.572421e-01,1.125949e+04,1.274452e+04,4.403601e+00,9.508266e+04
2.700000e+01,4.063000e-07,9.000000e-08,9.259000e+19,1.712000e-07,1.323000e-06,9.630000e-04,8.502600e-01,8.188003e-01,1.188824e+01,2.686790e+03,7.327672e+01,5.753015e-01
2.800000e+01,4.745000e-07,8.000000e-08,3.532000e+19,2.269000e-07,1.265000e-06,5.828000e-04,,1.457000e+00,1.160230e+05,,5.147908e-01,2.552244e+02
2.900000e+01,3.958000e-07,1.200000e-07,1.034000e+19,4.533000e-07,1.332000e-06,7.477000e-04,9.429841e-01,7.050692e-01,7.650590e+04,1.094186e+04,5.874254e+01,4.389864e+06
3.000000e+01,3.659000e-07,1.200000e-07,2.161000e+19,6.787000e-07,1.279000e-06,6.332000e-04,8.839991e-01,5.597483e-01,1.793208e+01,7.229286e+03,5.199332e+01,4.604923e-01
3.100000e+01,4.666000e-07,8.000000e-08,2.475000e+19,5.649000e-07,1.350000e-06,4.862000e-04,,1.215500e+00,6.948442e+04,,1.853269e+00,8.797373e+01
3.200000e+01,4.429000e-07,7.000000e-08,4.826000e+19,2.753000e-07,1.326000e-06,1.169000e-04,1.166989e+00,1.364210e-01,1.295979e+02,1.059768e+04,9.081180e+00,1.260975e+01
3.300000e+01,4.800000e-07,1.100000e-07,3.450000e+19,2.544000e-07,1.316000e-06,1.305000e-04,,3.262500e-01,8.066303e+04,,2.459141e-01,3.026157e+02
3.400000e+01,3.687000e-07,9.000000e-08,2.721000e+19,5.952000e-07,1.343000e-06,8.913000e-04,8.591102e-01,7.657249e-01,1.274861e+01,4.280010e+03,6.890498e+01,5.323295e-01
3.500000e+01,4.153000e-07,8.000000e-08,4.574000e+19,7.624000e-07,1.264000e-06,5.219000e-04,,1.304750e+00,1.161271e+05,,5.999114e-01,2.411831e+02
3.600000e+01,4.912000e-07,1.200000e-07,1.262000e+19,1.526000e-07,1.337000e-06,5.686000e-04,2.365494e+00,1.345020e+00,7.166829e+04,1.168767e+04,3.593967e+00,3.852259e+06
3.700000e+01,3.866000e-07,1.000000e-07,4.224000e+19,6.819000e-07,1.285000e-06,1.499000e-04,1.098510e+00,1.646666e-01,9.406962e+01,1.529089e+04,1.231538e+01,6.655801e+00
3.800000e+01,4.862000e-07,8.000000e-08,8.018000e+19,2.129000e-07,1.311000e-06,6.569000e-04,,1.642250e+00,8.512037e+04,,1.425210e+00,1.290241e+02
3.900000e+01,3.918000e-07,1.100000e-07,5.045000e+19,2.389000e-08,1.270000e-06,7.675000e-04,8.639484e-01,6.630804e-01,2.500193e+01,3.906686e+03,5.885260e+01,7.765954e-01
4.000000e+01,4.265000e-07,1.100000e-07,6.117000e+19,7.513000e-07,1.354000e-06,7.260000e-04,2.434983e+00,1.767797e+00,6.428569e+04,1.079040e+04,3.369334e+00,3.099489e+06
4.100000e+01,4.568000e-07,8.000000e-08,5.452000e+19,6.600000e-07,1.324000e-06,9.917000e-04,2.291764e+00,2.272742e+00,8.082435e+04,8.678469e+03,3.895723e+00,4.899436e+06
4.200000e+01,4.029000e-07,1.300000e-07,1.963000e+19,3.250000e-07,1.296000e-06,2.149000e-04,2.071766e+00,4.452225e-01,1.051623e+04,1.491732e+04,4.668336e+00,8.294352e+04
4.300000e+01,4.326000e-07,8.000000e-08,9.807000e+19,7.427000e-07,1.309000e-06,6.127000e-04,,1.531750e+00,8.543199e+04,,1.778804e+00,9.427448e+01
4.400000e+01,4.954000e-07,1.000000e-07,8.555000e+19,5.214000e-07,1.345000e-06,4.657000e-04,9.134596e-01,4.253981e-01,2.676588e+01,6.976855e+03,3.644511e+01,6.639839e-01
4.500000e+01,4.012000e-07,9.000000e-08,3.311000e+18,2.858000e-07,1.281000e-06,1.906000e-04,1.117501e+00,2.129957e-01,7.085668e+01,1.060815e+04,1.624645e+01,3.797259e+00
4.600000e+01,3.591000e-07,9.000000e-08,8.694000e+18,4.535000e-07,1.282000e-06,7.355000e-04,1.301976e+00,9.576032e-01,1.048006e+04,1.553859e+04,1.874811e+01,8.237444e+04
4.700000e+01,3.537000e-07,1.000000e-07,6.761000e+19,4.759000e-07,1.267000e-06,5.178000e-04,9.038860e-01,4.680322e-01,2.250665e+01,6.184665e+03,3.872421e+01,5.332498e-01
4.800000e+01,4.092000e-07,7.000000e-08,8.219000e+19,4.146000e-07,1.275000e-06,3.219000e-04,9.406697e-01,3.028016e-01,3.813714e+01,5.770628e+03,2.730430e+01,1.155013e+00
4.900000e+01,4.322000e-07,9.000000e-08,9.135000e+19,1.786000e-07,1.263000e-06,7.005000e-04,8.663718e-01,6.068934e-01,1.607875e+01,3.406015e+03,5.593793e+01,4.517184e-01
5.000000e+01,4.468000e-07,1.000000e-07,6.956000e+19,1.114000e-07,1.272000e-06,1.665000e-04,1.061218e+00,1.766928e-01,8.251320e+01,1.097431e+04,1.278228e+01,5.128175e+00
5.100000e+01,4.677000e-07,1.100000e-07,5.741000e+19,6.286000e-08,1.303000e-06,8.306000e-04,,2.076500e+00,8.552295e+04,,9.730886e-01,1.850829e+02
5.200000e+01,4.948000e-07,8.000000e-08,2.671000e+19,2.948000e-09,1.319000e-06,3.801000e-04,,9.502500e-01,8.336137e+04,,1.377542e+00,1.343192e+02
5.300000e+01,4.100000e-07,8.000000e-08,7.767000e+19,3.520000e-07,1.360000e-06,5.613000e-04,,1.403250e+00,6.654435e+04,,8.931152e-01,1.963570e+02
5.400000e+01,3.818000e-07,1.200000e-07,7.042000e+19,3.879000e-07,1.297000e-06,9.712000e-04,,2.428000e+00,8.786477e+04,,1.773392e+00,9.474617e+01
5.500000e+01,3.825000e-07,7.000000e-08,4.005000e+19,6.049000e-07,1.321000e-06,3.010000e-04,9.575402e-01,2.882196e-01,4.329919e+01,7.570275e+03,2.441941e+01,1.464264e+00
5.600000e+01,4.837000e-07,9.000000e-08,1.704000e+19,3.655000e-07,1.300000e-06,9.500000e-04,8.538847e-01,8.111905e-01,1.133841e+01,4.091126e+03,7.551131e+01,5.570407e-01
5.700000e+01,4.402000e-07,1.100000e-07,8.484000e+19,6.323000e-07,1.272000e-06,4.515000e-04,,1.128750e+00,1.037640e+05,,2.903560e-01,2.944641e+02
5.800000e+01,3.709000e-07,1.000000e-07,6.634000e+19,7.843000e-07,1.305000e-06,7.890000e-04,8.653618e-01,6.827705e-01,1.425279e+01,4.788812e+03,6.525672e+01,4.786794e-01
5.900000e+01,4.722000e-07,1.000000e-07,8.915000e+19,4.925000e-07,1.285000e-06,9.371000e-04,8.522857e-01,7.986769e-01,1.140876e+01,3.682627e+03,7.636093e+01,5.441392e-01
6.000000e+01,4.582000e-07,1.300000e-07,6.259000e+19,2.428000e-07,1.278000e-06,4.092000e-04,2.226925e+00,9.112578e-01,1.133570e+04,1.235841e+04,4.351508e+00,9.637407e+04
59,3.733992e-07,1.200000e-07,7.388325e+19,5.601680e-07,1.284226e-06,6.351647e-04,,1.587912e+00,9.533336e+04,,4.303440e-01,2.696116e+02
60,4.671531e-07,1.000000e-07,1.019248e+18,2.766136e-07,1.261066e-06,7.303725e-04,9.155797e-01,6.687142e-01,1.449332e+01,3.655176e+03,6.193198e+01,4.705673e-01
61,3.920638e-07,9.000000e-08,7.888077e+19,2.913398e-07,1.282739e-06,8.470323e-04,8.562562e-01,7.252766e-01,1.292466e+01,3.170145e+03,6.675908e+01,4.935035e-01
62,3.939830e-07,9.000000e-08,7.760781e+19,2.689829e-07,1.282392e-06,8.319308e-04,8.572380e-01,7.131627e-01,1.324212e+01,3.194552e+03,6.532645e+01,4.875361e-01
63,4.057217e-07,8.000000e-08,4.413584e+19,9.477594e-08,1.329984e-06,9.285338e-04,,2.321335e+00,7.890976e+04,,2.744167e+00,4.004107e+01
64,3.618735e-07,1.200000e-07,4.419600e+19,1.539538e-08,1.298162e-06,8.989034e-04,,2.247258e+00,9.117641e+04,,2.235913e+00,6.117945e+01
65,3.547523e-07,8.000000e-08,7.734174e+19,5.567912e-07,1.298652e-06,6.862344e-04,,1.715586e+00,9.043623e+04,,1.908706e+00,8.351288e+01
66,4.624790e-07,1.000000e-07,1.000000e+17,5.464216e-07,1.278565e-06,7.886770e-04,9.798025e-01,7.727477e-01,1.340881e+01,2.340520e+03,3.626474e+01,5.528445e-01
67,4.360388e-07,9.000000e-08,9.776536e+19,2.857865e-07,1.278165e-06,1.000000e-03,8.469886e-01,8.469886e-01,1.051691e+01,2.734703e+03,8.053445e+01,5.851267e-01
68,3.877791e-07,1.200000e-07,4.183453e+19,2.425175e-07,1.343899e-06,8.713805e-04,2.083429e+00,1.815459e+00,7.018367e+04,1.275910e+04,1.014044e+02,3.694313e+06
69,4.133636e-07,8.000000e-08,3.758374e+18,2.183155e-07,1.345608e-06,4.545218e-04,,1.136305e+00,7.439960e+04,,2.452733e+00,5.014510e+01
70,4.311826e-07,1.000000e-07,5.883692e+19,3.215207e-07,1.260000e-06,9.663619e-04,8.494493e-01,8.208755e-01,1.072374e+01,3.505998e+03,7.681323e+01,5.579345e-01
71,4.706898e-07,1.000000e-07,1.609918e+19,3.598351e-07,1.262842e-06,1.000000e-03,8.504147e-01,8.504147e-01,1.027158e+01,4.130449e+03,8.333531e+01,5.853725e-01
72,4.120785e-07,1.100000e-07,2.369869e+18,8.000000e-07,1.271318e-06,6.366100e-04,9.144049e-01,5.821193e-01,1.729414e+01,5.666649e+03,5.265632e+01,4.615195e-01
73,3.609870e-07,1.100000e-07,4.343432e+19,8.000000e-07,1.268647e-06,8.040226e-04,8.635861e-01,6.943427e-01,1.351429e+01,5.252331e+03,6.763716e+01,4.744553e-01
74,4.806243e-07,1.100000e-07,2.717471e+19,1.190763e-07,1.287360e-06,5.331266e-04,8.987184e-01,4.791307e-01,2.308318e+01,6.703646e+03,4.074806e+01,5.603214e-01
75,4.057084e-07,7.000000e-08,8.305664e+19,2.882053e-07,1.261975e-06,8.947633e-04,8.501557e-01,7.606882e-01,1.180237e+01,2.330414e+03,7.529213e+01,5.095245e-01
76,3.913979e-07,1.000000e-07,7.921195e+19,3.737848e-08,1.260000e-06,1.000000e-03,8.465030e-01,8.465030e-01,1.210777e+01,2.719625e+03,7.708504e+01,6.115457e-01
77,4.658968e-07,1.100000e-07,2.134181e+19,2.799067e-08,1.260000e-06,7.436848e-04,8.686399e-01,6.459943e-01,1.846332e+01,5.015934e+03,5.930934e+01,5.477865e-01
78,3.500000e-07,7.000000e-08,2.943707e+19,4.329210e-07,1.348855e-06,9.635679e-04,8.617422e-01,8.303471e-01,1.208188e+01,3.367543e+03,6.234124e+01,5.921123e-01
79,3.781969e-07,7.000000e-08,9.490266e+19,1.289919e-07,1.294313e-06,1.000000e-03,8.454105e-01,8.454105e-01,1.072384e+01,1.888679e+03,8.148365e+01,5.865538e-01
80,3.721733e-07,1.300000e-07,9.430528e+18,8.000000e-07,1.260000e-06,8.148901e-04,1.263495e+00,1.029610e+00,1.055637e+04,2.470009e+04,2.381502e+01,8.357847e+04
81,3.513596e-07,8.000000e-08,9.207494e+19,1.457146e-07,1.310397e-06,5.587583e-04,,1.396896e+00,8.215395e+04,,4.769305e-01,2.616184e+02
82,3.812446e-07,8.000000e-08,8.030869e+19,3.157891e-07,1.310610e-06,8.718247e-04,,2.179562e+00,8.527575e+04,,1.979820e+00,7.807775e+01
83,4.288406e-07,1.200000e-07,6.142782e+19,6.062095e-07,1.290456e-06,9.265689e-04,2.398194e+00,2.222092e+00,9.260872e+04,1.171072e+04,1.091736e+02,6.432285e+06
84,4.809227e-07,1.000000e-07,1.481949e+19,7.023525e-07,1.263290e-06,2.828569e-04,9.839347e-01,2.783128e-01,4.434942e+01,1.179932e+04,2.413733e+01,1.529374e+00
85,3.635071e-07,1.100000e-07,3.676427e+19,8.000000e-07,1.281469e-06,5.557494e-04,8.953839e-01,4.976090e-01,2.083179e+01,7.392366e+03,4.619538e+01,4.988029e-01
86,4.512350e-07,1.000000e-07,1.000000e+17,8.000000e-07,1.288779e-06,5.043608e-04,1.092044e+00,5.507840e-01,2.285514e+01,2.855412e+03,2.211187e+01,6.041222e-01
87,4.106733e-07,8.000000e-08,5.701411e+19,1.565495e-07,1.268195e-06,1.000000e-03,,2.500000e+00,1.102091e+05,,1.043284e+00,1.755236e+02
88,3.858532e-07,1.000000e-07,9.306207e+19,2.702712e-07,1.260000e-06,8.134151e-04,8.582711e-01,6.981307e-01,1.329022e+01,3.431947e+03,6.481398e+01,4.736431e-01
89,4.438157e-07,1.200000e-07,3.413993e+18,2.993046e-07,1.302122e-06,7.972874e-04,,1.993219e+00,8.890918e+04,,1.334997e+00,1.391676e+02
90,4.222146e-07,9.000000e-08,9.021460e+19,4.628497e-07,1.260000e-06,8.068482e-04,8.585761e-01,6.927406e-01,1.335316e+01,3.497636e+03,6.724726e+01,4.696528e-01
91,5.000000e-07,1.100000e-07,1.888160e+19,3.009868e-07,1.269914e-06,7.310627e-04,8.714393e-01,6.370768e-01,1.517315e+01,5.702114e+03,5.872905e+01,4.567751e-01
92,3.500000e-07,1.000000e-07,7.263486e+19,8.000000e-07,1.272332e-06,7.690012e-04,8.707183e-01,6.695834e-01,1.443764e+01,4.998769e+03,6.067244e+01,4.701734e-01
93,4.761362e-07,7.000000e-08,8.562950e+19,2.756038e-07,1.337845e-06,9.860767e-04,8.480699e-01,8.362619e-01,1.124850e+01,2.386533e+03,7.906155e+01,5.844303e-01
94,4.771293e-07,8.000000e-08,4.919118e+19,2.617623e-07,1.324306e-06,5.382746e-04,,1.345687e+00,8.082486e+04,,1.704281e+00,1.009345e+02
95,3.905529e-07,8.000000e-08,8.379807e+19,4.251915e-07,1.326645e-06,4.225545e-04,,1.056386e+00,7.931077e+04,,1.041526e+00,1.757593e+02
96,4.783344e-07,8.000000e-08,6.524376e+19,1.693397e-07,1.349260e-06,9.293743e-04,,2.323436e+00,6.944820e+04,,1.510958e+00,1.198641e+02
97,4.406413e-07,7.000000e-08,1.000000e+20,1.768204e-07,1.312702e-06,1.000000e-03,8.461059e-01,8.461059e-01,1.083692e+01,2.080613e+03,8.174831e+01,5.892057e-01
98,4.895618e-07,9.000000e-08,9.890698e+19,3.962446e-07,1.260000e-06,9.632836e-04,8.485076e-01,8.173534e-01,1.078131e+01,3.042651e+03,8.049407e+01,5.548242e-01
99,3.900716e-07,1.000000e-07,1.000000e+20,1.572220e-08,1.295000e-06,1.000000e-03,8.475034e-01,8.475034e-01,1.358943e+01,2.566378e+03,7.606787e+01,6.412878e-01
100,3.731435e-07,8.000000e-08,6.480973e+19,5.764163e-07,1.280773e-06,4.905338e-04,,1.226334e+00,9.943347e+04,,9.261747e-01,1.916470e+02
101,3.500000e-07,8.000000e-08,1.803808e+19,7.467056e-07,1.345384e-06,9.584820e-04,2.217028e+00,2.124981e+00,7.091893e+04,7.616576e+03,4.065537e+00,3.772124e+06
102,3.617304e-07,8.000000e-08,3.222224e+19,3.571854e-07,1.349843e-06,8.687866e-04,,2.171967e+00,6.947233e+04,,2.557950e+00,4.587190e+01
103,4.725138e-07,7.000000e-08,8.309490e+19,4.752958e-07,1.318246e-06,6.946815e-04,8.682194e-01,6.031360e-01,1.677870e+01,3.392743e+03,5.802470e+01,4.657848e-01
104,4.370214e-07,7.000000e-08,9.390066e+19,3.828500e-07,1.284762e-06,8.263556e-04,8.554040e-01,7.068679e-01,1.328031e+01,2.649607e+03,7.034649e+01,4.820385e-01
105,3.942014e-07,8.000000e-08,1.000000e+20,1.304470e-07,1.270396e-06,8.834039e-04,,2.208510e+00,1.067616e+05,,1.240810e+00,1.503123e+02,
106,4.671531e-07,1.000000e-07,1.019248e+18,2.766136e-07,1.261066e-06,7.303725e-04,9.155476e-01,6.686908e-01,1.449354e+01,3.656635e+03,6.194562e+01,4.705503e-01,
107,4.213371e-07,1.100000e-07,7.746547e+19,1.627736e-07,1.260000e-06,8.314901e-04,8.574623e-01,7.129715e-01,1.530712e+01,3.534079e+03,6.504933e+01,5.315607e-01,
108,3.892750e-07,1.000000e-07,6.348813e+19,2.897939e-07,1.260000e-06,7.429114e-04,8.650193e-01,6.426327e-01,1.471667e+01,4.079090e+03,5.857839e+01,4.515191e-01,
109,4.452368e-07,1.100000e-07,6.950663e+18,5.670118e-07,1.263238e-06,5.552952e-04,9.069303e-01,5.036141e-01,2.029783e+01,7.515484e+03,4.722824e+01,4.865404e-01,
110,4.592929e-07,1.000000e-07,8.324931e+19,3.140644e-07,1.260000e-06,8.501424e-04,8.560475e-01,7.277623e-01,1.254553e+01,3.635241e+03,6.829410e+01,4.887893e-01,
111,4.796534e-07,7.000000e-08,1.000000e+20,3.925289e-07,1.311874e-06,9.290448e-04,8.502744e-01,7.899430e-01,1.181719e+01,2.548518e+03,7.845182e+01,5.415414e-01,
112,4.534218e-07,1.100000e-07,2.843640e+19,2.766058e-07,1.260000e-06,7.358851e-04,8.686329e-01,6.392141e-01,1.504630e+01,5.198208e+03,5.820704e+01,4.558095e-01,
113,4.058600e-07,7.000000e-08,8.390549e+19,4.986698e-07,1.269656e-06,1.000000e-03,8.456995e-01,8.456995e-01,1.035693e+01,2.396415e+03,8.640569e+01,5.810947e-01,
114,4.863203e-07,1.100000e-07,8.947863e+18,1.426614e-07,1.263391e-06,5.073518e-04,9.122627e-01,4.628381e-01,2.282408e+01,7.859528e+03,4.263287e+01,5.406575e-01,
115,3.657930e-07,1.100000e-07,7.554211e+19,1.736214e-07,1.270676e-06,9.488461e-04,8.506516e-01,8.071375e-01,1.389064e+01,3.144836e+03,7.338403e+01,6.007420e-01,
116,4.656328e-07,9.000000e-08,1.000000e+20,4.112505e-07,1.280551e-06,8.082747e-04,8.590845e-01,6.943763e-01,1.359579e+01,3.476453e+03,6.652036e+01,4.761451e-01,
117,3.500000e-07,1.000000e-07,4.974450e+19,8.000000e-07,1.292659e-06,8.044151e-04,8.694819e-01,6.994244e-01,1.395189e+01,5.181321e+03,6.173491e+01,4.884276e-01,
118,4.662049e-07,1.200000e-07,1.000000e+17,3.471409e-07,1.260000e-06,8.335405e-04,9.517852e-01,7.933515e-01,1.234754e+01,2.944605e+03,4.314387e+01,5.549310e-01,
119,4.898712e-07,1.000000e-07,1.000000e+17,2.356894e-07,1.283710e-06,9.202418e-04,9.505096e-01,8.746987e-01,1.119391e+01,2.191899e+03,4.413731e+01,6.295462e-01,
120,3.500000e-07,1.000000e-07,7.308394e+19,5.045523e-07,1.260000e-06,8.167736e-04,8.642099e-01,7.058638e-01,1.333845e+01,4.185028e+03,6.188744e+01,4.822063e-01,
121,4.493298e-07,1.100000e-07,4.457405e+18,8.000000e-07,1.285366e-06,7.448704e-04,8.854221e-01,6.595247e-01,1.479373e+01,5.685010e+03,6.219417e+01,4.686219e-01,
122,3.500000e-07,1.100000e-07,4.754661e+19,6.408043e-07,1.260000e-06,6.022804e-04,8.904406e-01,5.362950e-01,1.909586e+01,6.500432e+03,4.648581e+01,4.748174e-01,
123,4.852967e-07,7.000000e-08,1.000000e+20,4.185228e-07,1.339199e-06,7.384036e-04,8.645555e-01,6.383909e-01,1.593075e+01,3.125150e+03,6.139094e+01,4.756217e-01,
124,4.150311e-07,1.100000e-07,1.870468e+19,8.000000e-07,1.286567e-06,5.801569e-04,8.951790e-01,5.193443e-01,1.987692e+01,7.699426e+03,4.817259e+01,4.851218e-01,
125,4.208467e-07,7.000000e-08,8.086474e+19,4.079253e-07,1.260000e-06,7.158525e-04,8.631438e-01,6.178837e-01,1.537901e+01,2.988129e+03,6.133377e+01,4.446317e-01,
126,5.000000e-07,9.000000e-08,1.000000e+20,4.020545e-07,1.356069e-06,3.422497e-04,9.458348e-01,3.237117e-01,3.836984e+01,7.380443e+03,2.663735e+01,1.177536e+00,
127,4.866766e-07,1.000000e-07,1.000000e+20,3.316651e-07,1.285488e-06,1.000000e-03,8.481811e-01,8.481811e-01,1.055559e+01,3.217727e+03,7.995904e+01,5.871533e-01,
128,4.052752e-07,1.000000e-07,8.485938e+19,2.004382e-07,1.278116e-06,1.000000e-03,8.475575e-01,8.475575e-01,1.062853e+01,2.965165e+03,7.754062e+01,5.875718e-01,
129,3.927159e-07,8.000000e-08,1.000000e+20,0.000000e+00,1.324072e-06,1.000000e-03,,2.500000e+00,7.987366e+04,,1.409221e+00,1.307840e+02,
130,4.531665e-07,8.000000e-08,8.116032e+19,4.206120e-07,1.264436e-06,9.558121e-04,,2.389530e+00,1.115313e+05,,9.450103e-01,1.889947e+02,
131,4.509800e-07,7.000000e-08,1.000000e+20,3.515751e-07,1.323977e-06,8.304662e-04,8.565220e-01,7.113126e-01,1.368689e+01,2.660834e+03,6.893012e+01,4.946742e-01,
132,4.312434e-07,1.000000e-07,1.000000e+20,2.322196e-07,1.308554e-06,1.000000e-03,8.486801e-01,8.486801e-01,1.093695e+01,2.997493e+03,7.699503e+01,5.938932e-01,
133,3.932001e-07,7.000000e-08,8.494745e+19,4.095755e-07,1.274068e-06,8.258597e-04,8.552317e-01,7.063014e-01,1.315311e+01,2.613392e+03,7.015286e+01,4.789563e-01,
134,4.328411e-07,1.000000e-07,1.000000e+20,3.199022e-07,1.270878e-06,8.195109e-04,8.584755e-01,7.035300e-01,1.325633e+01,3.565283e+03,6.580885e+01,4.782659e-01,
135,4.084582e-07,9.000000e-08,8.405401e+19,3.376123e-07,1.260000e-06,6.388429e-04,8.738758e-01,5.582693e-01,1.755712e+01,3.989697e+03,5.188558e+01,4.493545e-01,
136,4.964267e-07,1.000000e-07,1.000000e+20,4.947757e-07,1.266953e-06,9.032727e-04,8.534681e-01,7.709145e-01,1.172948e+01,3.715786e+03,7.533360e+01,5.192019e-01,
137,4.739712e-07,1.100000e-07,1.478663e+19,1.787153e-07,1.276898e-06,6.831910e-04,8.784589e-01,6.001552e-01,1.687430e+01,5.971700e+03,5.482702e+01,4.656869e-01,
138,4.084070e-07,7.000000e-08,9.453265e+19,3.363043e-07,1.292365e-06,1.000000e-03,8.459392e-01,8.459392e-01,1.059096e+01,2.196365e+03,8.392511e+01,5.850555e-01,
139,4.283844e-07,1.000000e-07,1.000000e+17,6.958238e-07,1.284646e-06,6.307942e-04,1.032231e+00,6.511255e-01,1.746669e+01,2.597905e+03,2.817764e+01,5.255890e-01,
140,4.670849e-07,1.100000e-07,1.031674e+19,4.631323e-07,1.260000e-06,7.760565e-04,8.698390e-01,6.750442e-01,1.390021e+01,5.691233e+03,6.519451e+01,4.638912e-01,
141,4.448428e-07,1.100000e-07,1.246022e+19,2.152437e-07,1.260000e-06,9.308256e-04,8.553959e-01,7.962245e-01,1.154687e+01,4.624810e+03,7.659365e+01,5.437791e-01,
142,4.035644e-07,1.100000e-07,5.736689e+19,1.146954e-07,1.260000e-06,9.594654e-04,8.499343e-01,8.154826e-01,1.371066e+01,3.309237e+03,7.422105e+01,6.064950e-01,
143,4.137554e-07,1.000000e-07,7.857044e+19,2.898987e-07,1.260000e-06,8.351155e-04,8.570836e-01,7.157638e-01,1.282570e+01,3.595080e+03,6.637886e+01,4.819964e-01,
144,4.647441e-07,1.000000e-07,1.000000e+20,4.030523e-07,1.266443e-06,1.000000e-03,8.476936e-01,8.476936e-01,1.035402e+01,3.246761e+03,8.190034e+01,5.834134e-01,
145,3.875311e-07,1.100000e-07,7.797081e+19,0.000000e+00,1.260000e-06,8.183941e-04,8.581977e-01,7.023439e-01,3.018933e+01,3.200380e+03,6.441380e+01,1.028848e+00,
146,3.781192e-07,1.100000e-07,2.245010e+19,7.039504e-07,1.269382e-06,5.294466e-04,9.015039e-01,4.772982e-01,2.170827e+01,7.879027e+03,4.388431e+01,5.129061e-01,
147,4.266413e-07,7.000000e-08,1.000000e+20,3.559525e-07,1.260000e-06,5.564498e-04,8.802934e-01,4.898391e-01,2.056630e+01,3.439815e+03,4.835706e+01,4.851891e-01,
148,4.961467e-07,1.100000e-07,2.718450e+19,6.346630e-08,1.271293e-06,5.853183e-04,8.880328e-01,5.197818e-01,2.113286e+01,6.036966e+03,4.546160e+01,5.240695e-01,
149,3.500000e-07,1.000000e-07,7.294638e+19,8.000000e-07,1.296395e-06,8.774198e-04,8.630365e-01,7.572453e-01,1.266191e+01,4.571733e+03,6.769502e+01,5.216373e-01,
150,4.993164e-07,9.000000e-08,1.000000e+17,4.320909e-07,1.286448e-06,9.386263e-04,9.517268e-01,8.933158e-01,1.096353e+01,1.927915e+03,4.150002e+01,6.487584e-01,
151,3.500000e-07,1.100000e-07,5.528656e+19,7.644593e-07,1.279996e-06,7.208168e-04,8.766784e-01,6.319245e-01,1.578477e+01,5.793731e+03,4.870701e+03,4.663994e-01,
152,3.500000e-07,1.000000e-07,7.721807e+19,3.611840e-07,1.260000e-06,6.580796e-04,8.794287e-01,5.787341e-01,1.725758e+01,4.621012e+03,4.881448e+01,4.578211e-01,
153,4.772860e-07,7.000000e-08,1.000000e+20,4.648645e-07,1.314745e-06,6.790424e-04,8.692021e-01,5.902251e-01,1.718422e+01,3.341623e+03,5.782053e+01,4.653291e-01,
154,3.916582e-07,1.000000e-07,1.000000e+20,1.910186e-07,1.309289e-06,1.000000e-03,8.485407e-01,8.485407e-01,1.104871e+01,2.856930e+03,7.624468e+01,5.955705e-01,
155,4.379079e-07,9.000000e-08,1.000000e+20,2.644885e-07,1.311073e-06,1.000000e-03,8.481352e-01,8.481352e-01,1.089949e+01,2.745932e+03,7.845328e+01,5.926325e-01,
156,4.725272e-07,7.000000e-08,1.000000e+20,2.833805e-07,1.332419e-06,1.000000e-03,8.470922e-01,8.470922e-01,1.100363e+01,2.298782e+03,8.189491e+01,5.931055e-01,
157,3.844913e-07,9.000000e-08,8.380023e+19,4.440039e-07,1.260000e-06,8.314346e-04,8.568041e-01,7.123765e-01,1.288640e+01,3.355816e+03,6.849606e+01,4.797808e-01,
158,4.225416e-07,1.100000e-07,1.000000e+17,8.000000e-07,1.295328e-06,6.433136e-04,1.020364e+00,6.564140e-01,1.731131e+01,2.982986e+03,2.899899e+01,5.263767e-01,
159,4.661145e-07,1.000000e-07,1.000000e+20,2.126555e-07,1.260000e-06,8.141847e-04,8.578479e-01,6.984467e-01,1.332964e+01,3.444015e+03,6.513191e+01,4.747388e-01,
160,4.456794e-07,1.100000e-07,2.568305e+18,3.445118e-07,1.260000e-06,7.370784e-04,8.892850e-01,6.554727e-01,1.458409e+01,5.065236e+03,6.490810e+01,4.602729e-01,
161,4.769780e-07,1.000000e-07,1.029110e+19,3.590657e-07,1.281447e-06,8.321256e-04,8.655775e-01,7.202692e-01,1.301327e+01,4.847863e+03,7.010174e+01,4.901603e-01,
162,4.490614e-07,1.100000e-07,3.914795e+18,7.765521e-07,1.266131e-06,5.766290e-04,9.149239e-01,5.275717e-01,1.935323e+01,6.809705e+03,4.885736e+01,4.757430e-01,
163,4.729188e-07,1.100000e-07,2.278386e+19,1.037352e-07,1.274511e-06,5.384578e-04,8.977927e-01,4.834235e-01,2.249120e+01,6.749417e+03,4.195584e+01,5.429795e-01,
164,4.858045e-07,1.100000e-07,9.176420e+18,2.099485e-07,1.260000e-06,8.133709e-04,8.661521e-01,7.045029e-01,1.333030e+01,5.273787e+03,6.845846e+01,4.806998e-01,
165,3.627007e-07,1.100000e-07,3.060099e+19,7.192333e-07,1.277427e-06,6.509697e-04,8.808051e-01,5.733774e-01,1.736777e+01,6.423658e+03,5.353266e+01,4.563628e-01,
166,3.848325e-07,7.000000e-08,7.529247e+19,3.928084e-07,1.276314e-06,1.000000e-03,8.457372e-01,8.457372e-01,1.042138e+01,2.283588e+03,8.364414e+01,5.821439e-01,
167,4.827775e-07,1.000000e-07,1.000000e+20,4.651972e-07,1.284317e-06,9.305283e-04,8.524412e-01,7.932207e-01,1.150291e+01,3.596109e+03,7.606744e+01,5.396771e-01,
168,4.370959e-07,9.000000e-08,1.000000e+20,3.324528e-07,1.260000e-06,6.840096e-04,8.684702e-01,5.940419e-01,1.624224e+01,3.692071e+03,5.636253e+01,4.448778e-01,
169,3.500000e-07,1.000000e-07,7.330986e+19,5.428036e-07,1.260000e-06,6.127222e-04,8.868486e-01,5.433919e-01,1.852565e+01,5.382923e+03,4.673182e+01,4.640920e-01,
170,4.368307e-07,1.100000e-07,4.855587e+19,1.888901e-07,1.260000e-06,8.581556e-04,8.566351e-01,7.351262e-01,1.380992e+01,3.958603e+03,6.642186e+01,5.213228e-01,
171,3.653277e-07,1.000000e-07,5.920881e+19,8.000000e-07,1.284944e-06,7.933605e-04,8.641591e-01,6.855896e-01,1.390242e+01,4.805820e+03,6.661411e+01,4.739811e-01,
172,3.558215e-07,1.200000e-07,2.757134e+19,7.141525e-07,1.274618e-06,5.457583e-04,9.038296e-01,4.932725e-01,2.134105e+01,8.493667e+03,4.218760e+01,5.119027e-01,
173,4.920671e-07,1.100000e-07,1.827696e+19,1.792233e-07,1.278581e-06,5.666435e-04,8.946388e-01,5.069412e-01,2.089850e+01,6.893357e+03,4.485908e+01,5.074530e-01,
174,4.073867e-07,7.000000e-08,9.211897e+19,4.065450e-07,1.260000e-06,8.079985e-04,8.557353e-01,6.914328e-01,1.332868e+01,2.627563e+03,6.998646e+01,4.678958e-01,
175,3.672971e-07,9.000000e-08,3.429728e+19,5.570677e-07,1.336598e-06,9.182357e-04,8.563101e-01,7.862945e-01,1.224072e+01,3.989041e+03,7.091706e+01,5.451577e-01,
176,4.460867e-07,9.000000e-08,9.875022e+19,3.024075e-07,1.285035e-06,8.854112e-04,8.535732e-01,7.557633e-01,1.227609e+01,3.047550e+03,7.121859e+01,5.128514e-01,
177,4.279635e-07,1.000000e-07,5.297588e+18,8.000000e-07,1.292903e-06,6.983173e-04,8.918036e-01,6.227619e-01,1.598539e+01,5.376337e+03,5.873577e+01,4.631321e-01,
178,3.808407e-07,1.000000e-07,7.711396e+19,2.841315e-07,1.271549e-06,8.229818e-04,8.585192e-01,7.065457e-01,1.321527e+01,3.596769e+03,6.451616e+01,4.804272e-01,
179,4.110020e-07,7.000000e-08,7.683473e+19,3.620708e-07,1.279841e-06,8.236327e-04,8.556015e-01,7.047014e-01,1.326468e+01,2.654440e+03,6.868179e+01,4.795866e-01,
180,4.764146e-07,9.000000e-08,5.725193e+17,3.232595e-07,1.296885e-06,9.657117e-04,8.942230e-01,8.635616e-01,1.083656e+01,2.463675e+03,6.858382e+01,6.100902e-01,
181,4.459260e-07,1.100000e-07,2.207711e+19,3.318432e-07,1.260000e-06,8.590336e-04,8.589113e-01,7.378337e-01,1.247058e+01,4.828536e+03,6.899829e+01,4.977156e-01,
182,5.000000e-07,1.000000e-07,9.780053e+19,3.259610e-07,1.260000e-06,9.515412e-04,8.497032e-01,8.085277e-01,1.094449e+01,3.322655e+03,7.754416e+01,5.474383e-01,
183,4.188746e-07,1.000000e-07,6.426105e+19,1.284315e-07,1.260000e-06,7.848232e-04,8.607249e-01,6.755169e-01,1.400998e+01,3.678617e+03,6.068858e+01,4.666357e-01,
184,4.380925e-07,1.000000e-07,8.523529e+19,1.411643e-07,1.260000e-06,9.249016e-04,8.506387e-01,7.867571e-01,1.154586e+01,3.079032e+03,7.240250e+01,5.332710e-01,
185,3.755730e-07,1.100000e-07,2.170009e+19,7.479855e-07,1.280148e-06,5.817561e-04,8.931456e-01,5.195929e-01,1.972598e+01,7.409114e+03,4.806545e+01,4.808194e-01,
186,4.257532e-07,1.100000e-07,7.231924e+18,7.284893e-07,1.275561e-06,5.967759e-04,9.004546e-01,5.373696e-01,1.893127e+01,7.208874e+03,5.022603e+01,4.709310e-01,
187,4.840617e-07,1.100000e-07,1.000000e+17,3.880472e-07,1.260637e-06,6.176546e-04,1.020335e+00,6.302147e-01,1.758786e+01,3.018052e+03,3.048883e+01,5.100189e-01,
188,3.540581e-07,1.000000e-07,6.364404e+19,8.000000e-07,1.300627e-06,7.616740e-04,8.736579e-01,6.654425e-01,1.497844e+01,5.270122e+03,5.832340e+01,4.782349e-01,
189,4.143833e-07,1.000000e-07,9.429671e+19,1.643395e-07,1.312410e-06,1.000000e-03,8.486470e-01,8.486470e-01,1.111248e+01,2.909015e+03,7.566795e+01,5.967566e-01,
190,4.771070e-07,1.000000e-07,9.351392e+19,4.012695e-07,1.275194e-06,9.003795e-04,8.536635e-01,7.686212e-01,1.187194e+01,3.601435e+03,7.302794e+01,5.192522e-01,
191,3.500000e-07,1.100000e-07,5.421438e+19,8.000000e-07,1.265834e-06,7.678747e-04,8.710055e-01,6.688230e-01,1.447328e+01,5.530203e+03,6.081082e+01,4.702339e-01,
192,4.361824e-07,1.000000e-07,8.807416e+19,2.076231e-07,1.260000e-06,7.202314e-04,8.659093e-01,6.236551e-01,1.539815e+01,3.824910e+03,5.697128e+01,4.500892e-01,
193,3.967334e-07,1.100000e-07,8.838823e+19,1.038927e-07,1.260000e-06,1.000000e-03,8.472514e-01,8.472514e-01,1.575152e+01,2.825606e+03,7.945820e+01,6.885672e-01,
194,4.494846e-07,9.000000e-08,3.876827e+19,6.210925e-08,1.360000e-06,7.522927e-04,8.690774e-01,6.538005e-01,1.673414e+01,4.033815e+03,5.413408e+01,5.092422e-01,
195,4.105052e-07,9.000000e-08,8.655431e+19,3.432453e-07,1.272665e-06,7.989181e-04,8.593176e-01,6.865243e-01,1.369583e+01,3.355855e+03,6.443441e+01,4.706027e-01,
196,3.983347e-07,7.000000e-08,7.889303e+19,3.740734e-07,1.260000e-06,8.313123e-04,8.542708e-01,7.101658e-01,1.287550e+01,2.579768e+03,7.055226e+01,4.773686e-01,
197,4.416953e-07,1.000000e-07,1.000000e+20,3.156761e-07,1.284464e-06,9.979000e-04,8.481664e-01,8.463852e-01,1.058043e+01,3.108525e+03,7.930840e+01,5.854167e-01,
198,3.586340e-07,1.100000e-07,4.356477e+19,8.000000e-07,1.279827e-06,7.375998e-04,8.755128e-01,6.457780e-01,1.533053e+01,5.996017e+03,5.746636e+01,4.681894e-01,
199,3.500000e-07,1.100000e-07,6.597047e+19,4.530183e-07,1.260000e-06,5.809844e-04,8.915754e-01,5.179914e-01,2.129166e+01,5.791138e+03,4.389337e+01,5.278218e-01,
200,3.691885e-07,1.200000e-07,2.785721e+19,6.949945e-07,1.275343e-06,5.910771e-04,8.889586e-01,5.254430e-01,1.933730e+01,7.457956e+03,4.873441e+01,4.737117e-01,
201,4.737203e-07,7.000000e-08,9.298621e+19,4.112015e-07,1.322380e-06,7.779096e-04,8.606304e-01,6.694927e-01,1.476350e+01,2.969501e+03,6.483352e+01,4.772251e-01,
202,4.192050e-07,7.000000e-08,8.659251e+19,3.474381e-07,1.264105e-06,6.527949e-04,8.689995e-01,5.672784e-01,1.719354e+01,3.079457e+03,5.559652e+01,4.469768e-01,
203,4.358792e-07,1.000000e-07,1.000000e+17,7.406395e-07,1.301546e-06,6.477556e-04,1.028874e+00,6.664587e-01,1.720060e+01,2.588701e+03,2.838572e+01,5.328126e-01,
204,4.501832e-07,1.100000e-07,1.000000e+17,5.973680e-07,1.261450e-06,6.838613e-04,9.988804e-01,6.830957e-01,1.564664e+01,2.861952e+03,3.269268e+01,5.102469e-01,
